OP_CODIGO,OP_AMBITO,OP_NOMBRE,OP_SIGLAS,ANIO
1.0,NACIONAL,PARTIDO UNION NACIONAL UNO,UN - UNO,2002
2.0,NACIONAL,PARTIDO LIBERAL RADICAL ECUATORIANO,PLRE,2002
3.0,NACIONAL,PARTIDO SOCIEDAD PATRIOTICA 21 DE ENERO,PSP,2002
4.0,NACIONAL,PARTIDO CONCENTRACION DE FUERZAS POPULARES,CFP,2002
5.0,NACIONAL,PARTIDO DEMOCRACIA POPULAR - UNION DEMOCRATA CRISTIANA,DP-UDC,2002
6.0,NACIONAL,PARTIDO SOCIAL CRISTIANO,PSC,2002
7.0,NACIONAL,PARTIDO RENOVADOR INSTITUCIONAL ACCION NACIONAL,PRIAN,2002
10.0,NACIONAL,PARTIDO ROLDOSISTA ECUATORIANO,PRE,2002
11.0,NACIONAL,PARTIDO LIBERTAD,PL,2002
12.0,NACIONAL,PARTIDO IZQUIERDA DEMOCRATICA,ID,2002
14.0,NACIONAL,PARTIDO ALFARISMO NACIONAL,AN,2002
15.0,NACIONAL,PARTIDO MOVIMIENTO POPULAR DEMOCRATICO,MPD,2002
17.0,NACIONAL,PARTIDO SOCIALISTA - FRENTE AMPLIO,PS-FA,2002
18.0,NACIONAL,MOVIMIENTO UNIDAD PLURINACIONAL PACHAKUTIK - NUEVO PAIS,MUPP-NP,2002
19.0,NACIONAL,MOVIMIENTO REALIDAD 2000,MR2000,2002
20.0,NACIONAL,MOVIMIENTO RENOVACION DEMOCRATICA,MRD,2002
21.0,NACIONAL,MOVIMIENTO CIUDADANOS NUEVO PAIS,MCNP,2002
22.0,NACIONAL,MOVIMIENTO TRANSFORMACION SOCIAL INDEPENDIENTE,TSI,2002
23.0,NACIONAL,MOVIMIENTO NUEVO AMANECER,MNA,2002
24.0,NACIONAL,MOVIMIENTO PATRIA SOLIDARIA,MPS,2002
25.0,NACIONAL,MOVIMIENTO JUSTICIA,MJ,2002
27.0,NACIONAL,MOVIMIENTO INQUILINOS POR LA PATRIA,MIPP,2002
28.0,NACIONAL,MOVIMIENTO INDEPENDIENTE AMAUTA JATARI,MIAJ,2002
29.0,NACIONAL,MOVIMIENTO INDEPENDIENTE NACIONAL POR LA CONCERTACION SOCIAL,MINCS,2002
30.0,NACIONAL,MOVIMIENTO DE INTEGRACION NACIONAL - MIN,MIN,2002
32.0,NACIONAL,MOVIMIENTO PATRIOTICO SIMON BOLIVAR,MPSM,2002
34.0,NACIONAL,MOVIMIENTO POR LA SEGUNDA INDEPENDENCIA,MSI,2002
35.0,NACIONAL,PPPP,OPP,2002
39.0,NACIONAL,MOVIMIENTO ESPERANZA TRANSFORMACION Y  ACCION,META,2002
40.0,NACIONAL,BINOMIO ROLDOS PADILLA,RP,2002
60000000050.0,NACIONAL,PROYECTO PATRIOTICO POPULAR,PPP,2002
60000000051.0,NACIONAL,MOVIMIENTO FUERZA ACTIVA DEL DESARROLLO ECUATORIANO,FADE,2002
1.0,NACIONAL,CONCENTRACION DE FUERZAS POPULARES,CFP,2006
3.0,NACIONAL,UNION DEMOCRATA CRISTIANA,UDC,2006
4.0,NACIONAL,PARTIDO SOCIAL CRISTIANO,PSC,2006
5.0,NACIONAL,PARTIDO RENOVADOR INSTITUCIONAL ACCION NACIONAL,PRIAN,2006
6.0,NACIONAL,PARTIDO ROLDOSISTA ECUATORIANO,PRE,2006
7.0,NACIONAL,PARTIDO IZQUIERDA DEMOCRATICA,ID,2006
8.0,NACIONAL,PARTIDO MOVIMIENTO POPULAR DEMOCRATICO,MPD,2006
9.0,NACIONAL,PARTIDO SOCIALISTA - FRENTE AMPLIO,PS-FA,2006
10.0,NACIONAL,MOVIMIENTO UNIDAD PLURINACIONAL PACHAKUTIK - NUEVO PAIS,MUPP-NP,2006
11.0,NACIONAL,MOVIMIENTO COMPROMISO CIVICO CRISTIANO CON LA COMUNIDAD. C4,C4,2006
12.0,NACIONAL,MOVIMIENTO NACIONAL DESPERTAR CIVICO,MNDC,2006
13.0,NACIONAL,MOVIMIENTO REVOLUCION INTELECTUAL DEL PUEBLO,M. PRIP,2006
14.0,NACIONAL,MOVIMIENTO ECLECTICO,ME,2006
15.0,NACIONAL,MOVIMIENTO NUEVO AMANECER,MNA,2006
16.0,NACIONAL,MOVIMIENTO REVOLUCIONARIO DE PARTICIPACION POPULAR,MRPP,2006
17.0,NACIONAL,MOVIMIENTO RED ETICA Y DEMOCRACIA,RED,2006
18.0,NACIONAL,MOVIMIENTO GENTE COMUN,MGC,2006
24.0,NACIONAL,INTEGRACION NACIONAL ALFARISTA,INA,2006
47.0,NACIONAL,MOVIMIENTO INDEPENDIENTE NACIONAL NUEVA VIDA,MINNV,2006
48.0,NACIONAL,PARTIDO SOCIEDAD PATRIOTICA,PSP,2006
49.0,NACIONAL,MOVIMIENTO TIERRA FERTIL,MTF,2006
50.0,NACIONAL,MOVIMIENTO ACCION Y CAMBIO,MAC,2006
51.0,NACIONAL,MOVIMIENTO CIUDADANOS NUEVO PAIS,MCNP,2006
53.0,NACIONAL,MOVIMIENTO UNIDAD NACIONAL SIGLO XX1,MUN,2006
54.0,NACIONAL,MOVIMIENTO FUERZA CIUDADANA,MFC,2006
55.0,NACIONAL,MOVIMIENTO DE LA REIVINDICACION DEMOCRATICA,MRD,2006
56.0,NACIONAL,MOVIMIENTO PATRIA ALTIVA Y SOBERANA,MPAIS,2006
57.0,NACIONAL,MOVIMIENTO MANDATO CIUDADANO,MMC,2006
58.0,NACIONAL,MOVIMIENTO VICTORIOSO REVOLUCIONARIO,MVR,2006
59.0,NACIONAL,MOVIMIENTO ACCION HUMANISTA,MAH,2006
60.0,NACIONAL,MOVIMIENTO CONCILIACION NACIONAL,MCN,2006
61.0,NACIONAL,MOVIMIENTO DE LA REVOLUCION PACIFICA,MRP,2006
62.0,NACIONAL,MOVIMIENTO ALIANZA TERCERA REPUBLICA ALBA,ATR,2006
63.0,NACIONAL,MOVIMIENTO POLITICO NACIONAL JUSTICIA SOCIAL PARA USTED,JSPU,2006
64.0,NACIONAL,MOVIMIENTO ALIANZA NACIONALISTA,MAN,2006
65.0,NACIONAL,MOVIMIENTO DE UNIDAD NACIONAL TODOS IGUALES,MNTI,2006
66.0,NACIONAL,MOVIMIENTO BOLIVARIANO ALFARISTA,MBA,2006
67.0,NACIONAL,MOVIMIENTO INDEPENDIENTE PATRIOTICO ECUATORIANO,MIPE,2006
68.0,NACIONAL,MOVIMIENTO FRENTE REVOLUCIONARIO DE INDEPENDENCIA NACIONAL FRIN,FRIN,2006
69.0,NACIONAL,MOVIMIENTO ARTESANAL POLITICO ECUATORIANO,MAPE,2006
70.0,NACIONAL,MOVIMIENTO RENOVAVION NACIONAL ECUATORIANA,RENACE,2006
1.0,NACIONAL,CONCENTRACION DE FUERZAS POPULARES,CFP,2007
3.0,NACIONAL,UNION DEMOCRATA CRISTIANA,UDC,2007
4.0,NACIONAL,PARTIDO SOCIAL CRISTIANO,PSC,2007
5.0,NACIONAL,PARTIDO RENOVADOR INSTITUCIONAL ACCION NACIONAL,PRIAN,2007
6.0,NACIONAL,PARTIDO ROLDOSISTA ECUATORIANO,PRE,2007
7.0,NACIONAL,PARTIDO IZQUIERDA DEMOCRATICA,ID,2007
8.0,NACIONAL,PARTIDO MOVIMIENTO POPULAR DEMOCRATICO,MPD,2007
9.0,NACIONAL,PARTIDO SOCIALISTA - FRENTE AMPLIO,PS-FA,2007
10.0,NACIONAL,MOVIMIENTO UNIDAD PLURINACIONAL PACHAKUTIK - NUEVO PAIS,MUPP-NP,2007
11.0,NACIONAL,MOVIMIENTO COMPROMISO CIVICO CRISTIANO CON LA COMUNIDAD. C4,C4,2007
12.0,NACIONAL,MOVIMIENTO VERDE,MV,2007
13.0,NACIONAL,MOVIMIENTO CONCILIACION NACIONAL,MCN,2007
14.0,NACIONAL,MOVIMIENTO POLITICO NACIONAL LA CORRIENTE,MPNLC,2007
15.0,NACIONAL,MOVIMIENTO HONRADEZ NACIONAL,MHN,2007
16.0,NACIONAL,MOVIMIENTO REVOLUCIONARIO DE PARTICIPACION POPULAR,MRPP,2007
17.0,NACIONAL,MOVIMIENTO RED ETICA Y DEMOCRACIA,RED,2007
18.0,NACIONAL,MOVIMIENTO DE LA REVOLUCION PACIFICA,MRP,2007
24.0,NACIONAL,INTEGRACION NACIONAL ALFARISTA,INA,2007
47.0,NACIONAL,MOVIMIENTO DE ACUERDO NACIONAL,MANA,2007
48.0,NACIONAL,PARTIDO SOCIEDAD PATRIOTICA,PSP,2007
49.0,NACIONAL,MOVIMIENTO ACCION DEMOCRATICA NACIONAL,MADN,2007
50.0,NACIONAL,MOVIMIENTO IZQUIERDA MODERNA,MIM,2007
51.0,NACIONAL,MOVIMIENTO CIUDADANOS NUEVO PAIS,MCNP,2007
53.0,NACIONAL,MOVIMIENTO NACIONAL DESPERTAR CIVICO,MNDC,2007
54.0,NACIONAL,MOVIMIENTO PODER CIUDADANO,MPC,2007
55.0,NACIONAL,MOVIMIENTO DE LA REIVINDICACION DEMOCRATICA,MRD,2007
56.0,NACIONAL,MOVIMIENTO PATRIA ALTIVA Y SOBERANA,MPAIS,2007
57.0,NACIONAL,MOVIMIENTO FRENTE REVOLUCIONARIO DE INDEPENDENCIA NACIONAL,MFRIN,2007
58.0,NACIONAL,MOVIMIENTO POLITICO DE DERECHO ECUATORIANO,MOPODE,2007
59.0,NACIONAL,MOVIMIENTO BLANCO ECUATORIANO POR LA REIVINDICACION DE LOS POBRES,MBERP,2007
62.0,NACIONAL,MOVIMIENTO ALIANZA TERCERA REPUBLICA,ALBA,2007
65.0,NACIONAL,MOVIMIENTO INDEPENDIENTE PATRIOTICO ECUATORIANO,MIPE,2007
73.0,NACIONAL,PARTIDO LIBERTAD,PL,2007
74.0,NACIONAL,MOVIMIENTO BOLIVARIANO ALFARISTA,MBA,2007
75.0,NACIONAL,MOVIMIENTO TIERRA FERTIL,MTF,2007
76.0,NACIONAL,MOVIMIENTO INDEPENDIENTE JUSTO Y SOLIDARIO,MIJS,2007
77.0,NACIONAL,"UNA NUEVA OPCION, UNO",UNO,2007
78.0,NACIONAL,MOVIMIENTO INDEPENDIENTE LAICOS COMPROMETIDOS,MILC,2007
79.0,NACIONAL,MOVIMIENTO AL FIN CIUDADANOS,MAFC,2007
80.0,NACIONAL,MOVIMIENTO CAMBIO SIGLO XXI,MCSXXI,2007
81.0,NACIONAL,MOVIMIENTO ORGANIZACION CIUDADANA,MOC,2007
82.0,NACIONAL,MOVIMIENTO POLITICO FORTALEZA CIUDADANA,MPFC,2007
83.0,NACIONAL,MOVIMIENTO MANDATO CIUDADANO,MMC,2007
84.0,NACIONAL,MOVIMIENTO CIUDADANOS POR LA PATRIA-AMAUTA,MCPA,2007
85.0,NACIONAL,MOVIMIENTO INDEPENDIENTE POLO DEMOCRATICO,MIPD,2007
86.0,NACIONAL,MOVIMIENTO CONCERTACION NACIONAL DEMOCRATICA,MCND,2007
87.0,NACIONAL,MOVIMIENTO REVOLUCION INTELECTUAL DEL PUEBLO,MPRIP,2007
88.0,NACIONAL,MOVIMIENTO AGROECOLOGICO ECUATORIANO,MAE,2007
89.0,NACIONAL,MOVIMIENTO NACIONAL POR LA CONCERTACION SOCIAL,MNCS,2007
90.0,NACIONAL,MOVIMIENTO SER,MS,2007
91.0,NACIONAL,MOVIMIENTO DE UNIDAD NACIONAL DE TRANSPORTISTAS TODOS IGUALES,MUNTTI,2007
92.0,NACIONAL,MOVIMIENTO POLITICO NACIONAL ALIANZA DE INTEGRACION SOLIDARIA,MAIS,2007
93.0,NACIONAL,MOVIMIENTO INTEGRACIONISTA LATINOAMERICANO,MIL,2007
94.0,NACIONAL,MOVIMIENTO INDEPENDIENTE EXPRESION CIUDADANA,MIEC,2007
95.0,NACIONAL,MOVIMIENTO DE INTEGRACION Y TRANSFORMACION SOCIAL,MITS,2007
96.0,NACIONAL,MOVIMIENTO FUERZA ECUATORIANA,MFE,2007
97.0,NACIONAL,MOVIMIENTO PODER CIVICO NACIONAL,MPCN,2007
98.0,NACIONAL,MOVIMIENTO EMPRENDEDORES AL PODER,MEAP,2007
99.0,NACIONAL,PARTIDO LIBERAL RADICAL ECUATORIANO,PLRE,2007
100.0,NACIONAL,MOVIMIENTO TRIUNFO MIL,MTM,2007
1.0,NACIONAL,PARTIDO CONCENTRACION DE FUERZAS POPULARES,CFP,2009
3.0,NACIONAL,PARTIDO UNION DEMOCRATA CRISTIANA,UDC,2009
4.0,NACIONAL,PARTIDO SOCIAL CRISTIANO,PSC,2009
5.0,NACIONAL,PARTIDO RENOVADOR INSTITUCIONAL ACCION NACIONAL,PRIAN,2009
6.0,NACIONAL,PARTIDO ROLDOSISTA ECUATORIANO,PRE,2009
7.0,NACIONAL,PARTIDO IZQUIERDA DEMOCRATICA,ID,2009
8.0,NACIONAL,PARTIDO MOVIMIENTO POPULAR DEMOCRATICO,MPD,2009
9.0,NACIONAL,PARTIDO SOCIALISTA - FRENTE AMPLIO,PS-FA,2009
24.0,NACIONAL,"PARTIDO MOVIMIENTO DE ACUERDO NACIONAL, MANA",MANA,2009
48.0,NACIONAL,PARTIDO SOCIEDAD PATRIOTICA 21 DE ENERO,PSP,2009
73.0,NACIONAL,PARTIDO LIBERTAD,PL,2009
99.0,NACIONAL,PARTIDO LIBERAL RADICAL ECUATORIANO,PLRE,2009
107.0,NACIONAL,"PARTIDO UNA NUEVA OPCION, UNO",UNO,2009
10.0,NACIONAL,MOVIMIENTO UNIDAD PLURINACIONAL PACHAKUTIK - NUEVO PAIS,MUPP-NP,2009
11.0,NACIONAL,MOVIMIENTO COMPROMISO CIVICO CRISTIANO CON LA COMUNIDAD. C4,C4,2009
12.0,NACIONAL,MOVIMIENTO MUNICIPALISTA POR LA INTEGRIDAD NACIONAL,MMIN,2009
13.0,NACIONAL,MOVIMIENTO CONCILIACION NACIONAL,MCN,2009
15.0,NACIONAL,MOVIMIENTO HONRADEZ NACIONAL,MHN,2009
16.0,NACIONAL,MOVIMIENTO YO SOY ECUATORIANO,YSE,2009
17.0,NACIONAL,"MOVIMIENTO RED, ETICA Y DEMOCRACIA",RED,2009
18.0,NACIONAL,"MOVIMIENTO ALIANZA POLITICA INDEPENDIENTE ECUATORIANA, APIE",MAPIE,2009
47.0,NACIONAL,"MOVIMIENTO INDEPENDIENTE NACIONAL, COPIG",MCOPIG,2009
54.0,NACIONAL,MOVIMIENTO PODER CIUDADANO,MPC,2009
55.0,NACIONAL,"MOVIMIENTO FUERZA PLURALISTA, MFP",MFP,2009
56.0,NACIONAL,MOVIMIENTO PATRIA ALTIVA I SOBERANA,MPAIS,2009
57.0,NACIONAL,MOVIMIENTO NACIONAL DESPERTAR CIVICO,MNDC,2009
59.0,NACIONAL,MOVIMIENTO BLANCO ECUATORIANO POR LA REIVINDICACION DE LOS POBRES,MBERP,2009
74.0,NACIONAL,MOVIMIENTO BOLIVARIANO ALFARISTA,MBA,2009
75.0,NACIONAL,MOVIMIENTO TIERRA FERTIL,MTF,2009
76.0,NACIONAL,MOVIMIENTO INDEPENDIENTE JUSTO Y SOLIDARIO,MIJS,2009
78.0,NACIONAL,MOVIMIENTO INDEPENDIENTE LAICOS COMPROMETIDOS,MILC,2009
80.0,NACIONAL,MOVIMIENTO CAMBIO SIGLO XXI,MCSXXI,2009
83.0,NACIONAL,MOVIMIENTO MANDATO CIUDADANO,MMC,2009
85.0,NACIONAL,MOVIMIENTO POLO DEMOCRATICO,PD,2009
86.0,NACIONAL,MOVIMIENTO CONCERTACION NACIONAL DEMOCRATICA,MCND,2009
88.0,NACIONAL,"MOVIMIENTO AGROECOLOGICO ECUATORIANO, MAE",MAE,2009
89.0,NACIONAL,MOVIMIENTO NACIONAL POR LA CONCERTACION SOCIAL,MNCS,2009
113.0,NACIONAL,MOVIMIENTO FUERZA PAIS,M.F.P.,2009
114.0,NACIONAL,MOVIMIENTO VERDE ECOLOGICO,MVE,2009
115.0,NACIONAL,MOVIMIENTO DEMOCRATAS ECUATORIANO,MDE,2009
116.0,NACIONAL,"MOVIMIENTO ALIANZA TERCERA REPUBLICA, ALBA",ALBA,2009
117.0,NACIONAL,MOVIMIENTO CAMBIO,MC,2009
119.0,NACIONAL,ALIANZA IZQUIERDA UNIDA,RED/MIPD,2009
95.0,NACIONAL,MOVIMIENTO DE INTEGRACION Y TRANSFORMACION SOCIAL,MITS,2009
96.0,NACIONAL,MOVIMIENTO FUERZA ECUATORIANA,MFE,2009
100.0,NACIONAL,MOVIMIENTO TRIUNFO MIL,MTM,2009
108.0,NACIONAL,MOVIMIENTO CLARO UN MOVIMIENTO TRANSPARENTE,MCUMT,2009
109.0,NACIONAL,MOVIMIENTO FORO PATRIOTICO,MFP,2009
110.0,NACIONAL,MOVIMIENTO DEMOCRACIA SI,MDS,2009
111.0,NACIONAL,MOVIMIENTO DIGNIDAD - SEGURIDAD - PROGRESO,MDSP,2009
112.0,NACIONAL,MOVIMIENTO UNION NACIONAL DE INMIGRANTES ECUATORIANOS,UNIRE,2009
1.0,NACIONAL,PARTIDO ROLDOSISTA ECUATORIANO,PRE,2013
2.0,NACIONAL,PARTIDO MOVIMIENTO POPULAR DEMOCRATICO,MPD,2013
3.0,NACIONAL,MOVIMIENTO ALIANZA PAIS PATRIA ALTIVA I SOBERANA,MPAIS,2013
4.0,NACIONAL,"PARTIDO SOCIEDAD PATRIOTICA ""21 DE ENERO""",PSP,2013
5.0,NACIONAL,MOVIMIENTO DE UNIDAD PLURINACIONAL PACHAKUTIK,MUPP,2013
6.0,NACIONAL,PARTIDO AVANZA,AVANZA,2013
7.0,NACIONAL,ALIANZA UNIDAD PLURINACIONAL DE LAS IZQUIERDAS,MPD/MUPP,2013
8.0,NACIONAL,MOVIMIENTO CREO CREANDO OPORTUNIDADES,CREO,2013
9.0,NACIONAL,PARTIDO RENOVADOR INSTITUCIONAL ACCION NACIONAL,PRIAN,2013
10.0,NACIONAL,PARTIDO SOCIALISTA FRENTE AMPLIO,PS-FA,2013
11.0,NACIONAL,PARTIDO SOCIAL CRISTIANO,PSC,2013
12.0,NACIONAL,MOVIMIENTO RUPTURA,RUPTURA,2013
13.0,NACIONAL,MOVIMIENTO SUMA SOCIEDAD UNIDA MAS ACCION,SUMA,2013
14.0,NACIONAL,ALIANZA MOVIMIENTO ALIANZA PAIS PATRIA ALTIVA I SOBERANA - PARTIDO SOCIALISTA FRENTE AMPLIO,MPAIS/PS-FA,2013
15.0,NACIONAL,ALIANZA: MOVIMIENTO ALIANZA PAIS PATRIA ALTIVA I SOBERANA / MOVIMIENTO DE UNIDAD PLURINACIONAL PACHAKUTIK,MPAIS/MUPP,2013
2.0,NACIONAL,ALIANZA CREO  - SUMA,CREO/SUMA,2017
16.0,NACIONAL,ACUERDO POR EL CAMBIO,ID/UP/MUPP,2017
42.0,NACIONAL,ACUERDO MOVIMIENTO ALIANZA PAIS - PARTIDO SOCIALISTA ECUATORIANO,MPAIS/PSE,2017
588.0,NACIONAL,MOVIMIENTO DE UNIDAD PLURINACIONAL PACHAKUTIK,MUPP,2017
589.0,NACIONAL,MOVIMIENTO ALIANZA PAIS; PATRIA  ALTIVA I SOBERANA,MPAIS,2017
614.0,NACIONAL,MOVIMIENTO CONCERTACION,MC,2017
618.0,NACIONAL,PARTIDO SOCIAL CRISTIANO,PSC,2017
620.0,NACIONAL,"PARTIDO SOCIEDAD PATRIOTICA ""21 DE ENERO""",PSP,2017
626.0,NACIONAL,PARTIDO SOCIALISTA ECUATORIANO,PSE,2017
629.0,NACIONAL,MOVIMIENTO SOCIEDAD UNIDA MAS ACCION; SUMA,SUMA,2017
676.0,NACIONAL,UNION ECUATORIANA,UE,2017
697.0,NACIONAL,MOVIMIENTO CREO; CREANDO OPORTUNIDADES,CREO,2017
700.0,NACIONAL,PARTIDO POLITICO AVANZA,PPA,2017
718.0,NACIONAL,UNIDAD POPULAR,UP,2017
720.0,NACIONAL,CENTRO DEMOCRATICO,CD,2017
721.0,NACIONAL,FUERZA.EC,FE,2017
739.0,NACIONAL,IZQUIERDA DEMOCRATICA,ID,2017
740.0,NACIONAL,PARTIDO ADELANTE ECUATORIANO ADELANTE,PAEA,2017
741.0,NACIONAL,FUERZA !COMPROMISO SOCIAL!,MFCS,2017
2.0,NACIONAL,MOVIMIENTO DE UNIDAD PLURINACIONAL PACHAKUTIK,MUPP,2021
3.0,NACIONAL,"MOVIMIENTO ALIANZA PAIS, PATRIA  ALTIVA I SOBERANA",MPAIS,2021
8.0,NACIONAL,MOVIMIENTO CONCERTACION,MC,2021
9.0,NACIONAL,PARTIDO SOCIAL CRISTIANO,PSC,2021
11.0,NACIONAL,"PARTIDO SOCIEDAD PATRIOTICA ""21 DE ENERO""",PSP,2021
16.0,NACIONAL,PARTIDO SOCIALISTA ECUATORIANO,PSE,2021
18.0,NACIONAL,PARTIDO POLITICO SOCIEDAD UNIDA MAS ACCION,SUMA,2021
24.0,NACIONAL,UNION ECUATORIANA,UE,2021
29.0,NACIONAL,"MOVIMIENTO CREO, CREANDO OPORTUNIDADES",CREO,2021
32.0,NACIONAL,PARTIDO POLITICO AVANZA,PPA,2021
42.0,NACIONAL,PARTIDO IZQUIERDA DEMOCRATICA,ID,2021
45.0,NACIONAL,MOVIMIENTO JUSTICIA SOCIAL,MJS,2021
47.0,NACIONAL,MOVIMIENTO CENTRO DEMOCRATICO,CD,2021
48.0,NACIONAL,PARTIDO FUERZA EC,FE,2021
50.0,NACIONAL,MOVIMIENTO F. COMPROMISO SOCIAL,MFCS,2021
53.0,NACIONAL,PARTIDO ADELANTE ECUATORIANO ADELANTE,PAEA,2021
61.0,NACIONAL, MOVIMIENTO DEMOCRACIA SI,MDSI,2021
72.0,NACIONAL,"MOVIMIENTO AMIGO, ACCION MOVILIZADORA INDEPENDIENTE GENERANDO OPORTUNIDADES",MA,2021
75.0,NACIONAL,MOVIMIENTO NACIONAL PODEMOS,MNP,2021
78.0,NACIONAL,PARTIDO UNIDAD POPULAR,PUP,2021
79.0,NACIONAL,"MOVIMIENTO LIBERTAD ES PUEBLO, LEP",LEP,2021
84.0,NACIONAL,MOVIMIENTO ECUATORIANO UNIDO,MEU,2021
87.0,NACIONAL,MOVIMIENTO CONSTRUYE,CE,2021
1021.0,NACIONAL,ALIANZA CREO 21 PSC 6,CREO/PSC,2021
1030.0,NACIONAL,1-5 UNION POR LA ESPERANZA,CD/MFCS,2021
1031.0,NACIONAL,ALIANZA HONESTIDAD,PSE/MC,2021
3.0,NACIONAL,PARTIDO SOCIEDAD PATRIOTICA 21 DE ENERO,PSP,2004
4.0,NACIONAL,PARTIDO CONCENTRACION DE FUERZAS POPULARES,CFP,2004
5.0,NACIONAL,PARTIDO DEMOCRACIA POPULAR - UNION DEMOCRATA CRISTIANA,DP-UDC,2004
6.0,NACIONAL,PARTIDO SOCIAL CRISTIANO,PSC,2004
7.0,NACIONAL,PARTIDO RENOVADOR INSTITUCIONAL ACCION NACIONAL,PRIAN,2004
10.0,NACIONAL,PARTIDO ROLDOSISTA ECUATORIANO,PRE,2004
12.0,NACIONAL,PARTIDO IZQUIERDA DEMOCRATICA,ID,2004
15.0,NACIONAL,PARTIDO MOVIMIENTO POPULAR DEMOCRATICO,MPD,2004
17.0,NACIONAL,PARTIDO SOCIALISTA - FRENTE AMPLIO,PS-FA,2004
18.0,NACIONAL,MOVIMIENTO UNIDAD PLURINACIONAL PACHAKUTIK - NUEVO PAIS,MUPP-NP,2004
22.0,NACIONAL,MOVIMIENTO TRANSFORMACION SOCIAL INDEPENDIENTE,TSI,2004
23.0,NACIONAL,MOVIMIENTO PROGRESISTA INTEGRAL,MPI,2004
24.0,NACIONAL,MOVIMIENTO PATRIA SOLIDARIA,MPS,2004
25.0,NACIONAL,MOVIMIENTO BLANCO,MB,2004
26.0,NACIONAL,MOVIMIENTO FUERZA ALTERNATIVA DE IZQUIERDA,MFAI,2004
27.0,NACIONAL,MOVIMIENTO PUEBLO Y JUSTICIA,MPJ,2004
28.0,NACIONAL,MOVIMIENTO FRENTE REVOLUCIONARIO DE INDEPENDENCIA NACIONAL,FRIN,2004
29.0,NACIONAL,MOVIMIENTO INDEPENDIENTE RESURECCION DE LOS POBRES,MIRP,2004
1.0,NACIONAL,PARTIDO CONCENTRACION DE FUERZAS POPULARES,CFP,2009
3.0,NACIONAL,PARTIDO UNION DEMOCRATA CRISTIANA,UDC,2009
4.0,NACIONAL,PARTIDO SOCIAL CRISTIANO,PSC,2009
5.0,NACIONAL,PARTIDO RENOVADOR INSTITUCIONAL ACCION NACIONAL,PRIAN,2009
6.0,NACIONAL,PARTIDO ROLDOSISTA ECUATORIANO,PRE,2009
7.0,NACIONAL,PARTIDO IZQUIERDA DEMOCRATICA,ID,2009
8.0,NACIONAL,PARTIDO MOVIMIENTO POPULAR DEMOCRATICO,MPD,2009
9.0,NACIONAL,PARTIDO SOCIALISTA - FRENTE AMPLIO,PS-FA,2009
24.0,NACIONAL,"PARTIDO MOVIMIENTO DE ACUERDO NACIONAL, MANA",MANA,2009
48.0,NACIONAL,PARTIDO SOCIEDAD PATRIOTICA 21 DE ENERO,PSP,2009
73.0,NACIONAL,PARTIDO LIBERTAD,PL,2009
99.0,NACIONAL,PARTIDO LIBERAL RADICAL ECUATORIANO,PLRE,2009
107.0,NACIONAL,"PARTIDO UNA NUEVA OPCION, UNO",UNO,2009
10.0,NACIONAL,MOVIMIENTO UNIDAD PLURINACIONAL PACHAKUTIK - NUEVO PAIS,MUPP-NP,2009
11.0,NACIONAL,MOVIMIENTO COMPROMISO CIVICO CRISTIANO CON LA COMUNIDAD. C4,C4,2009
12.0,NACIONAL,MOVIMIENTO MUNICIPALISTA POR LA INTEGRIDAD NACIONAL,MMIN,2009
13.0,NACIONAL,MOVIMIENTO CONCILIACION NACIONAL,MCN,2009
15.0,NACIONAL,MOVIMIENTO HONRADEZ NACIONAL,MHN,2009
16.0,NACIONAL,MOVIMIENTO YO SOY ECUATORIANO,YSE,2009
17.0,NACIONAL,"MOVIMIENTO RED, ETICA Y DEMOCRACIA",RED,2009
18.0,NACIONAL,"MOVIMIENTO ALIANZA POLITICA INDEPENDIENTE ECUATORIANA, APIE",MAPIE,2009
47.0,NACIONAL,"MOVIMIENTO INDEPENDIENTE NACIONAL, COPIG",MCOPIG,2009
54.0,NACIONAL,MOVIMIENTO PODER CIUDADANO,MPC,2009
55.0,NACIONAL,"MOVIMIENTO FUERZA PLURALISTA, MFP",MFP,2009
56.0,NACIONAL,MOVIMIENTO PATRIA ALTIVA I SOBERANA,MPAIS,2009
57.0,NACIONAL,MOVIMIENTO NACIONAL DESPERTAR CIVICO,MNDC,2009
59.0,NACIONAL,MOVIMIENTO BLANCO ECUATORIANO POR LA REIVINDICACION DE LOS POBRES,MBERP,2009
74.0,NACIONAL,MOVIMIENTO BOLIVARIANO ALFARISTA,MBA,2009
75.0,NACIONAL,MOVIMIENTO TIERRA FERTIL,MTF,2009
76.0,NACIONAL,MOVIMIENTO INDEPENDIENTE JUSTO Y SOLIDARIO,MIJS,2009
78.0,NACIONAL,MOVIMIENTO INDEPENDIENTE LAICOS COMPROMETIDOS,MILC,2009
80.0,NACIONAL,MOVIMIENTO CAMBIO SIGLO XXI,MCSXXI,2009
83.0,NACIONAL,MOVIMIENTO MANDATO CIUDADANO,MMC,2009
85.0,NACIONAL,MOVIMIENTO POLO DEMOCRATICO,PD,2009
86.0,NACIONAL,MOVIMIENTO CONCERTACION NACIONAL DEMOCRATICA,MCND,2009
88.0,NACIONAL,"MOVIMIENTO AGROECOLOGICO ECUATORIANO, MAE",MAE,2009
89.0,NACIONAL,MOVIMIENTO NACIONAL POR LA CONCERTACION SOCIAL,MNCS,2009
113.0,NACIONAL,MOVIMIENTO FUERZA PAIS,M.F.P.,2009
114.0,NACIONAL,MOVIMIENTO VERDE ECOLOGICO,MVE,2009
115.0,NACIONAL,MOVIMIENTO DEMOCRATAS ECUATORIANO,MDE,2009
116.0,NACIONAL,"MOVIMIENTO ALIANZA TERCERA REPUBLICA, ALBA",ALBA,2009
117.0,NACIONAL,MOVIMIENTO CAMBIO,MC,2009
119.0,NACIONAL,ALIANZA IZQUIERDA UNIDA,RED/MIPD,2009
95.0,NACIONAL,MOVIMIENTO DE INTEGRACION Y TRANSFORMACION SOCIAL,MITS,2009
96.0,NACIONAL,MOVIMIENTO FUERZA ECUATORIANA,MFE,2009
100.0,NACIONAL,MOVIMIENTO TRIUNFO MIL,MTM,2009
108.0,NACIONAL,MOVIMIENTO CLARO UN MOVIMIENTO TRANSPARENTE,MCUMT,2009
109.0,NACIONAL,MOVIMIENTO FORO PATRIOTICO,MFP,2009
110.0,NACIONAL,MOVIMIENTO DEMOCRACIA SI,MDS,2009
111.0,NACIONAL,MOVIMIENTO DIGNIDAD - SEGURIDAD - PROGRESO,MDSP,2009
112.0,NACIONAL,MOVIMIENTO UNION NACIONAL DE INMIGRANTES ECUATORIANOS,UNIRE,2009
1.0,NACIONAL,PARTIDO ROLDOSISTA ECUATORIANO,PRE,2014
2.0,NACIONAL,PARTIDO MOVIMIENTO POPULAR DEMOCRATICO,MPD,2014
3.0,NACIONAL,MOVIMIENTO ALIANZA PAIS,MPAIS,2014
4.0,NACIONAL,"PARTIDO SOCIEDAD PATRIOTICA ""21 DE ENERO""",PSP,2014
5.0,NACIONAL,MOVIMIENTO DE UNIDAD PLURINACIONAL PACHAKUTIK,MUPP,2014
6.0,NACIONAL,PARTIDO AVANZA,AVANZA,2014
8.0,NACIONAL,MOVIMIENTO CREO,CREO,2014
9.0,NACIONAL,PARTIDO RENOVADOR INSTITUCIONAL ACCION NACIONAL,PRIAN,2014
10.0,NACIONAL,PARTIDO SOCIALISTA FRENTE AMPLIO,PS-FA,2014
11.0,NACIONAL,PARTIDO SOCIAL CRISTIANO,PSC,2014
12.0,NACIONAL,MOVIMIENTO RUPTURA,RUPTURA,2014
13.0,NACIONAL,MOVIMIENTO SUMA,SUMA,2014
1.0,NACIONAL,PARTIDO SOCIAL CRISTIANO,PSC,2019
3.0,NACIONAL,PARTIDO SOCIEDAD PATRIOTICA 21 DE ENERO,PSP,2019
8.0,NACIONAL,PARTIDO SOCIALISTA ECUATORIANO,PSE,2019
12.0,NACIONAL,MOVIMIENTO DE UNIDAD PLURINACIONAL PACHAKUTIK,MUPP,2019
13.0,NACIONAL,"MOVIMIENTO ALIANZA PAIS, PATRIA  ALTIVA I SOBERANA",MPAIS,2019
18.0,NACIONAL,MOVIMIENTO CONCERTACION,MC,2019
22.0,NACIONAL,"MOVIMIENTO CREO, CREANDO OPORTUNIDADES",CREO,2019
25.0,NACIONAL,PARTIDO POLITICO AVANZA,PPA,2019
37.0,NACIONAL,"MOVIMIENTO SOCIEDAD UNIDA MAS ACCION, SUMA",SUMA,2019
51.0,NACIONAL,UNION ECUATORIANA,UE,2019
142.0,NACIONAL,MOVIMIENTO NACIONAL PODEMOS,MNP,2019
143.0,NACIONAL,UNIDAD POPULAR,UP,2019
145.0,NACIONAL,CENTRO DEMOCRATICO,CD,2019
146.0,NACIONAL,FUERZA.EC,FE,2019
148.0,NACIONAL,MOVIMIENTO F. COMPROMISO SOCIAL,MFCS,2019
152.0,NACIONAL,IZQUIERDA DEMOCRATICA,ID,2019
158.0,NACIONAL,PARTIDO ADELANTE ECUATORIANO ADELANTE,PAEA,2019
170.0,NACIONAL,MOVIMIENTO JUSTICIA SOCIAL,MJS,2019
198.0,NACIONAL,MOVIMIENTO DEMOCRACIA SI,MDSI,2019
219.0,NACIONAL,MOVIMIENTO ECUATORIANO UNIDO,MEU,2019
235.0,NACIONAL,"MOVIMIENTO LIBERTAD ES PUEBLO, LEP",LEP,2019
7.0,NACIONAL,MOVIMIENTO DE UNIDAD PLURINACIONAL PACHAKUTIK,MUPP,2023
18.0,NACIONAL,MOVIMIENTO CONSTRUYE,CONSTRUYE,2023
32.0,NACIONAL,PARTIDO SOCIAL CRISTIANO,PSC,2023
34.0,NACIONAL,PARTIDO SOCIEDAD PATRIOTICA  21 DE ENERO,PSP,2023
39.0,NACIONAL,PARTIDO SOCIALISTA ECUATORIANO,PSE,2023
42.0,NACIONAL,"PARTIDO SOCIEDAD UNIDA MAS ACCION, SUMA",SUMA,2023
99.0,NACIONAL,"MOVIMIENTO CREO, CREANDO OPORTUNIDADES",CREO,2023
101.0,NACIONAL,PARTIDO AVANZA,AVANZA,2023
117.0,NACIONAL,PARTIDO IZQUIERDA DEMOCRATICA,ID,2023
124.0,NACIONAL,MOVIMIENTO CENTRO DEMOCRATICO,CD,2023
157.0,NACIONAL,MOVIMIENTO DEMOCRACIA SI,DSI,2023
186.0,NACIONAL,"MOVIMIENTO VERDE, ETICO, REVOLUCIONARIO, DEMOCRATICO, (MOVER)",MOVER,2023
207.0,NACIONAL,MOVIMIENTO POLITICO REVOLUCION CIUDADANA,RC,2023
208.0,NACIONAL,"MOVIMIENTO AMIGO, ACCION MOVILIZADORA INDEPENDIENTE GENERANDO OPORTUNIDADES",AMIGO,2023
222.0,NACIONAL,MOVIMIENTO PUEBLO IGUALDAD DEMOCRACIA PID,PID,2023
226.0,NACIONAL,"MOVIMIENTO RENOVACION TOTAL, RETO",RETO,2023
231.0,NACIONAL,PARTIDO UNIDAD POPULAR,UP,2023
